engine,exact_invoice_rate,exact_patient_rate,total_within_tol_rate,avg_latency_s,n
pdfminer,0.6666666666666666,0.0,0.0,0.09855555555555556,9
pdfplumber,0.6666666666666666,0.0,0.0,0.10277777777777779,9
